<?xml version="1.0" encoding="UTF-8"?>
<valueSets xmlns="urn:hl7-org:v3" xmlns:hl7="urn:hl7-org:v3" xmlns:sch="http://purl.oclc.org/dsdl/schematron" xmlns:local="http://art-decor.org/functions">
    <valueSet xmlns="" id="1.2.208.176.2.4.10" name="DKAbsenceCodes" displayName="DK Absence Codes" effectiveDate="2017-03-01T00:00:00" statusCode="final">
        <desc language="en-US">Value set for SKS index [admin.fravaer]</desc>
        <sourceCodeSystem id="1.2.208.176.2.4" identifierName="Sundhedsvæsenets&#160;Klassifikations&#160;System"/>
        <conceptList>
            <concept code="ALCF01" codeSystem="1.2.208.176.2.4" displayName="Orlov" level="0" type="L"/>
            <concept code="ALCF02" codeSystem="1.2.208.176.2.4" displayName="Længerevarende fravær med aftale" level="0" type="L"/>
        </conceptList>
    </valueSet>
</valueSets>