<?xml version='1.0' encoding='UTF-8'?>
<xs:schema xmlns:xs="http://www.w3.org/2001/XMLSchema"
	xmlns:tns="http://sds.dk" elementFormDefault="qualified"
	targetNamespace="http://sds.dk" xmlns="http://sds.dk" xmlns:lpr3="http://sds.dk"
	version="1.0">

	<xs:element name="ValidationResponseHeader" type="validationResponseHeader" />

	<xs:complexType name="baseViolation">
		<xs:sequence>
			<xs:element name="text" minOccurs="0" maxOccurs="1"
				type="xs:string" />
			<xs:element name="context" minOccurs="0" maxOccurs="1"
				type="xs:string" />
		</xs:sequence>
	</xs:complexType>
	<xs:complexType name="xsdViolation">
		<xs:complexContent>
			<xs:extension base="baseViolation">
				<xs:sequence>
					<xs:element name="line" minOccurs="0" maxOccurs="1"
						type="xs:string" />
					<xs:element name="path" minOccurs="0" maxOccurs="1"
						type="xs:string" />
				</xs:sequence>
			</xs:extension>
		</xs:complexContent>
	</xs:complexType>
	<xs:complexType name="schematronViolation">
		<xs:complexContent>
			<xs:extension base="baseViolation">
				<xs:sequence>
					<xs:element name="xpath" minOccurs="0" maxOccurs="1"
						type="xs:string" />
				</xs:sequence>
			</xs:extension>
		</xs:complexContent>
	</xs:complexType>
	<xs:complexType name="businessViolation">
		<xs:complexContent>
			<xs:extension base="baseViolation">
				<xs:sequence>
					<xs:element name="coordinate" minOccurs="0" maxOccurs="1"
						type="xs:string" />
					<xs:element name="ruleName" minOccurs="0" maxOccurs="1"
						type="xs:string" />
				</xs:sequence>
			</xs:extension>
		</xs:complexContent>
	</xs:complexType>



	<xs:complexType name="validationResponseHeader">
		<xs:sequence>
			<xs:element type="xsdViolation" name="xsdViolation"
				minOccurs="0" maxOccurs="unbounded" />
			<xs:element type="schematronViolation" name="schematronViolation"
				minOccurs="0" maxOccurs="unbounded" />
			<xs:element type="businessViolation" name="businessViolation"
				minOccurs="0" maxOccurs="unbounded" />
		</xs:sequence>
		<xs:anyAttribute namespace="##other" processContents="skip" />
	</xs:complexType>

</xs:schema>