<?xml version="1.0" encoding="UTF-8"?>
<valueSets xmlns="urn:hl7-org:v3" xmlns:local="http://art-decor.org/functions" xmlns:hl7="urn:hl7-org:v3" xmlns:sch="http://purl.oclc.org/dsdl/schematron">
    <valueSet xmlns="" id="1.2.208.176.2.4.30" name="DKReferralPrimaryReasonCodes" displayName="DK Referral Primary Reason Codes" effectiveDate="2017-03-01T00:00:00" statusCode="final">
        <sourceCodeSystem id="1.2.208.176.2.4" identifierName="Sundhedsvæsenets&#160;Klassifikations&#160;System"/>
        <conceptList>
            <concept code="TODO" codeSystem="1.2.208.176.2.4" displayName="TODO" level="0" type="L"/>
            <concept code="TODO" codeSystem="1.2.208.176.2.4" displayName="TODO" level="0" type="L"/>
            <concept code="TODO" codeSystem="1.2.208.176.2.4" displayName="TODO" level="0" type="L"/>
            <concept code="TODO" codeSystem="1.2.208.176.2.4" displayName="TODO" level="0" type="L"/>
        </conceptList>
    </valueSet>
</valueSets>